start_station_id,start_station_name,start_lat,start_lng,end_station_id,end_station_name,end_lat,end_lng
13001,Michigan Ave & Washington St,41.8839840647265,-87.6246839761734,NULL,NULL,NULL,NULL
13006,LaSalle St & Washington St,41.882664,-87.63253,NULL,NULL,NULL,NULL
13008,Millennium Park,41.8810317,-87.62408432,NULL,NULL,NULL,NULL
13011,Canal St & Adams St,41.879255,-87.639904,NULL,NULL,NULL,NULL
13016,St. Clair St & Erie St,41.89434513742426,-87.62279838323593,NULL,NULL,NULL,NULL
13017,Franklin St & Chicago Ave,41.896746973093805,-87.63566762208939,NULL,NULL,NULL,NULL
13021,Clinton St & Lake St,41.885637,-87.641823,NULL,NULL,NULL,NULL
13022,Streeter Dr & Grand Ave,41.892278,-87.612043,NULL,NULL,NULL,NULL
13028,900 W Harrison St,41.874754,-87.649807,NULL,NULL,NULL,NULL
13029,Field Museum,41.865312,-87.617867,NULL,NULL,NULL,NULL
13033,Milwaukee Ave & Grand Ave,41.891578,-87.648384,NULL,NULL,NULL,NULL
13034,Michigan Ave & Pearson St,41.89766,-87.62351,NULL,NULL,NULL,NULL
13036,Michigan Ave & Madison St,41.882134,-87.625125,NULL,NULL,NULL,NULL
13037,Clinton St & Tilden St,41.875885,-87.640795,NULL,NULL,NULL,NULL
13042,Michigan Ave & Oak St,41.90096039,-87.62377664,NULL,NULL,NULL,NULL
13045,Dearborn St & Erie St,41.893992,-87.629318,NULL,NULL,NULL,NULL
13050,State St & Kinzie St,41.889375466631684,-87.62707650661469,NULL,NULL,NULL,NULL
13053,Green St & Washington Blvd,41.88318130597391,-87.64872461557388,NULL,NULL,NULL,NULL
13056,Canal St & Monroe St,41.88169,-87.63953,NULL,NULL,NULL,NULL
13056,Canal St & Monroe St,41.8829056,-87.6397409,NULL,NULL,NULL,NULL
13058,Dayton St & North Ave,41.9105780349,-87.6494219288,NULL,NULL,NULL,NULL
13059,Sheridan Rd & Argyle St,41.97328682025979,-87.65475958585739,NULL,NULL,NULL,NULL
13061,Ashland Ave & Division St,41.90345,-87.667747,NULL,NULL,NULL,NULL
13063,Sheridan Rd & Irving Park Rd,41.954245,-87.654406,NULL,NULL,NULL,NULL
13068,Western Ave & Winnebago Ave,41.91552,-87.687022,NULL,NULL,NULL,NULL
13071,Southport Ave & Roscoe St,41.943739,-87.66402,NULL,NULL,NULL,NULL
13073,Ashland Ave & Lake St,41.88592,-87.66717,NULL,NULL,NULL,NULL
13074,Broadway & Wilson Ave,41.965221,-87.658139,NULL,NULL,NULL,NULL
13075,Wentworth Ave & Cermak Rd,41.85308455741279,-87.63193130493164,NULL,NULL,NULL,NULL
13080,Hermitage Ave & Polk St,41.871514,-87.669886,NULL,NULL,NULL,NULL
13081,Ogden Ave & Congress Pkwy,41.87501,-87.67328,NULL,NULL,NULL,NULL
13083,Indiana Ave & 40th St,41.82168,-87.6216,NULL,NULL,NULL,NULL
13084,California Ave & Milwaukee Ave,41.922695,-87.697153,NULL,NULL,NULL,NULL
13085,Kedzie Ave & Milwaukee Ave,41.928999,-87.70803,NULL,NULL,NULL,NULL
13085,Kedzie Ave & Milwaukee Ave,41.929567,-87.707857,NULL,NULL,NULL,NULL
13089,Damen Ave & Cullerton St,41.854966518753926,-87.67569959163664,NULL,NULL,NULL,NULL
13091,Western Ave & 21st St,41.854109,-87.685838,NULL,NULL,NULL,NULL
13096,California Ave & 21st St,41.853795793473395,-87.69582286477088,NULL,NULL,NULL,NULL
13099,Halsted St & 18th St,41.85750568031716,-87.64599144458771,NULL,NULL,NULL,NULL
13102,Calumet Ave & 18th St,41.85761755293753,-87.61941075325012,NULL,NULL,NULL,NULL
13108,Broadway & Argyle St,41.973815,-87.65966,NULL,NULL,NULL,NULL
13108,Broadway & Argyle St,41.97423,-87.6597735,NULL,NULL,NULL,NULL
13109,Broadway & Berwyn Ave,41.978361,-87.659789,NULL,NULL,NULL,NULL
13124,Cannon Dr & Fullerton Ave,41.9267559875,-87.6344287848,NULL,NULL,NULL,NULL
13128,Clark St & North Ave,41.911974,-87.631942,NULL,NULL,NULL,NULL
13132,Damen Ave & Chicago Ave,41.895769,-87.67722,NULL,NULL,NULL,NULL
13133,Damen Ave & Cortland St,41.915983,-87.677335,NULL,NULL,NULL,NULL
13134,Damen Ave & Madison St,41.88137,-87.67493,NULL,NULL,NULL,NULL
13135,Blue Island Ave & 18th St,41.857556,-87.661535,NULL,NULL,NULL,NULL
13136,Damen Ave & Division St,41.903266,-87.678435,NULL,NULL,NULL,NULL
13137,Broadway & Barry Ave,41.93758231600629,-87.6440978050232,NULL,NULL,NULL,NULL
13138,Canal St & Jackson Blvd,41.878125,-87.639968,NULL,NULL,NULL,NULL
13139,Throop St & Taylor St,41.868968,-87.659141,NULL,NULL,NULL,NULL
13143,Damen Ave & Melrose Ave,41.9406,-87.6785,NULL,NULL,NULL,NULL
13144,Seeley Ave & Roscoe St,41.943403,-87.679618,NULL,NULL,NULL,NULL
13146,Clark St & Armitage Ave,41.918306,-87.636282,NULL,NULL,NULL,NULL
13150,Michigan Ave & 18th St,41.857813,-87.62455,NULL,NULL,NULL,NULL
13150,Michigan Ave & 18th St,41.857926,-87.624336,NULL,NULL,NULL,NULL
13154,Sheffield Ave & Kingsbury St,41.910522,-87.653106,NULL,NULL,NULL,NULL
13155,Racine Ave & Randolph St,41.884069,-87.656853,NULL,NULL,NULL,NULL
13155,Racine Ave & Randolph St,41.884210787833766,-87.65425443636688,NULL,NULL,NULL,NULL
13156,Aberdeen St & Monroe St,41.880419,-87.655519,NULL,NULL,NULL,NULL
13157,Aberdeen St & Jackson Blvd,41.87772613,-87.65478743,NULL,NULL,NULL,NULL
13158,Peoria St & Jackson Blvd,41.8776415962753,-87.64961779117584,NULL,NULL,NULL,NULL
13160,May St & Taylor St,41.869478,-87.654238,NULL,NULL,NULL,NULL
13160,May St & Taylor St,41.8694821,-87.6554864,NULL,NULL,NULL,NULL
13160,May St & Taylor St,41.8696317,-87.6542494,NULL,NULL,NULL,NULL
13162,Halsted St & 21st St,41.85377981072743,-87.6466029882431,NULL,NULL,NULL,NULL
13163,Morgan St & 18th St,41.858086,-87.651073,NULL,NULL,NULL,NULL
13164,Racine Ave & 18th St,41.858166,-87.656495,NULL,NULL,NULL,NULL
13165,Racine Ave & 13th St,41.865054,-87.656959,NULL,NULL,NULL,NULL
13179,Clark St & Lincoln Ave,41.915689,-87.6346,NULL,NULL,NULL,NULL
13191,Sedgwick St & Webster Ave,41.922167,-87.638888,NULL,NULL,NULL,NULL
13192,Halsted St & Dickens Ave,41.919936,-87.64883,NULL,NULL,NULL,NULL
13193,Larrabee St & Webster Ave,41.921822,-87.64414,NULL,NULL,NULL,NULL
13194,Ogden Ave & Race Ave,41.891795,-87.658751,NULL,NULL,NULL,NULL
13196,Carpenter St & Huron St,41.894556,-87.653449,NULL,NULL,NULL,NULL
13197,Elizabeth St & Fulton St,41.88671077318443,-87.65965729951859,NULL,NULL,NULL,NULL
13197,Elizabeth St & Fulton St,41.886827,-87.658937,NULL,NULL,NULL,NULL
13206,Loomis St & Jackson Blvd,41.877945,-87.662007,NULL,NULL,NULL,NULL
13213,State St & 29th St,41.841707,-87.626938,NULL,NULL,NULL,NULL
13215,Rhodes Ave & 32nd St,41.836208,-87.613533,NULL,NULL,NULL,NULL
13216,State St & 33rd St,41.834734,-87.625813,NULL,NULL,NULL,NULL
13217,Calumet Ave & 33rd St,41.8349,-87.61793,NULL,NULL,NULL,NULL
13221,Wood St & Milwaukee Ave,41.907655,-87.672552,NULL,NULL,NULL,NULL
13224,Ashland Ave & Blackhawk St,41.907066,-87.667252,NULL,NULL,NULL,NULL
13229,Southport Ave & Belmont Ave,41.93947775040509,-87.6637476682663,NULL,NULL,NULL,NULL
13235,Southport Ave & Waveland Ave,41.94724,-87.66412,NULL,NULL,NULL,NULL
13235,Southport Ave & Waveland Ave,41.94815,-87.66394,NULL,NULL,NULL,NULL
13235,Southport Ave & Waveland Ave,41.948226,-87.6640712,NULL,NULL,NULL,NULL
13241,Western Ave & Division St,41.902893,-87.687275,NULL,NULL,NULL,NULL
13242,Milwaukee Ave & Rockwell St,41.92019556200566,-87.69265919923781,NULL,NULL,NULL,NULL
13243,Milwaukee Ave & Wabansia Ave,41.912616,-87.681391,NULL,NULL,NULL,NULL
13245,Claremont Ave & Hirsch St,41.907781,-87.685854,NULL,NULL,NULL,NULL
13247,Ashland Ave & Chicago Ave,41.89595435734305,-87.6677280664444,NULL,NULL,NULL,NULL
13248,Ashland Ave & Augusta Blvd,41.899643,-87.6677,NULL,NULL,NULL,NULL
13249,Ashland Ave & Belle Plaine Ave,41.956057,-87.668835,NULL,NULL,NULL,NULL
13256,California Ave & Division St,41.903029,-87.697474,NULL,NULL,NULL,NULL
13257,Campbell Ave & North Ave,41.910535,-87.689556,NULL,NULL,NULL,NULL
13258,California Ave & North Ave,41.910044,-87.697167,NULL,NULL,NULL,NULL
13259,California Ave & Francis Pl,41.91849115368695,-87.69742280244827,NULL,NULL,NULL,NULL
13263,Columbus Dr & Randolph St,41.884728,-87.619521,NULL,NULL,NULL,NULL
13265,Kingsbury St & Erie St,41.89380805624359,-87.64169722795485,NULL,NULL,NULL,NULL
13265,Kingsbury St & Erie St,41.8939139,-87.6417358,NULL,NULL,NULL,NULL
13265,Kingsbury St & Erie St,41.894714,-87.6417632,NULL,NULL,NULL,NULL
13265,Kingsbury St & Erie St,41.894821704475426,-87.64173536441808,NULL,NULL,NULL,NULL
13266,Stave St & Armitage Ave,41.917741,-87.691392,NULL,NULL,NULL,NULL
13268,Damen Ave & Wellington Ave,41.93588,-87.67842,NULL,NULL,NULL,NULL
13269,Ashland Ave & Wellington Ave,41.936083,-87.669807,NULL,NULL,NULL,NULL
13271,Damen Ave & Clybourn Ave,41.931931,-87.677856,NULL,NULL,NULL,NULL
13276,Stockton Dr & Wrightwood Ave,41.93132,-87.638742,NULL,NULL,NULL,NULL
13277,Broadway & Belmont Ave,41.940106,-87.645451,NULL,NULL,NULL,NULL
13278,Broadway & Cornelia Ave,41.945529,-87.646439,NULL,NULL,NULL,NULL
13288,Damen Ave & Charleston St,41.920082,-87.677855,NULL,NULL,NULL,NULL
13289,Eckhart Park,41.89637337,-87.66098386,NULL,NULL,NULL,NULL
13290,Noble St & Milwaukee Ave,41.9007,-87.662607,NULL,NULL,NULL,NULL
13292,Kedzie Ave & Palmer Ct,41.921525,-87.707322,NULL,NULL,NULL,NULL
13294,Greenview Ave & Diversey Pkwy,41.93258963429789,-87.66593635082245,NULL,NULL,NULL,NULL
13296,Ashland Ave & Wrightwood Ave,41.92883,-87.668507,NULL,NULL,NULL,NULL
13300,DuSable Lake Shore Dr & Monroe St,41.880958,-87.616743,NULL,NULL,NULL,NULL
13303,Clark St & Chicago Ave,41.89675,-87.63089,NULL,NULL,NULL,NULL
13304,Racine Ave & 15th St,41.861267,-87.656625,NULL,NULL,NULL,NULL
13307,Laflin St & Cullerton St,41.85491457576575,-87.66355991363525,NULL,NULL,NULL,NULL
13319,Ashland Ave & Grace St,41.950687,-87.6687,NULL,NULL,NULL,NULL
13323,Broadway & Sheridan Rd,41.952833,-87.649993,NULL,NULL,NULL,NULL
13325,Broadway & Waveland Ave,41.949074,-87.648636,NULL,NULL,NULL,NULL
13326,Canal St & Harrison St,41.874255,-87.639573,NULL,NULL,NULL,NULL
13331,May St & Cullerton St,41.855136,-87.654127,NULL,NULL,NULL,NULL
13332,Loomis St & Lexington St,41.87222873224032,-87.66136385500431,NULL,NULL,NULL,NULL
13338,Mies van der Rohe Way & Chicago Ave,41.896944626370825,-87.62175768613815,NULL,NULL,NULL,NULL
13341,Canal St & Madison St,41.882409,-87.639767,NULL,NULL,NULL,NULL
13345,Calumet Ave & 35th St,41.831379,-87.618034,NULL,NULL,NULL,NULL
13353,Ada St & Washington Blvd,41.88283,-87.661206,NULL,NULL,NULL,NULL
13354,Ashland Ave & 13th St,41.865234,-87.666507,NULL,NULL,NULL,NULL
13379,Clarendon Ave & Gordon Ter,41.95786652415174,-87.64950513839722,NULL,NULL,NULL,NULL
13389,Clarendon Ave & Junior Ter,41.961004,-87.649603,NULL,NULL,NULL,NULL
13398,Blackstone Ave & Hyde Park Blvd,41.802562,-87.590368,NULL,NULL,NULL,NULL
13409,Sangamon St & Washington Blvd,41.883165,-87.6511,NULL,NULL,NULL,NULL
13420,MLK Jr Dr & Pershing Rd,41.8246,-87.61678,NULL,NULL,NULL,NULL
13427,Cityfront Plaza Dr & Pioneer Ct,41.890573,-87.622072,NULL,NULL,NULL,NULL
13430,LaSalle St & Illinois St,41.890762,-87.631697,NULL,NULL,NULL,NULL
13431,Adler Planetarium,41.866095,-87.607267,NULL,NULL,NULL,NULL
13432,Wood St & Hubbard St,41.889899,-87.671473,NULL,NULL,NULL,NULL
13434,Ashland Ave & Grand Ave,41.891072,-87.666611,NULL,NULL,NULL,NULL
1524189,Lowell Ave & Armitage,41.9170767,-87.7353543,NULL,NULL,NULL,NULL
15442,Ashland Ave & Archer Ave,41.83920868403,-87.6656098589,NULL,NULL,NULL,NULL
15443,Shields Ave & 28th Pl,41.842733,-87.635491,NULL,NULL,NULL,NULL
15445,Wentworth Ave & 33rd St,41.83452988563,-87.6318229814,NULL,NULL,NULL,NULL
15449,State St & Pershing Rd,41.82301523798,-87.6265680185,NULL,NULL,NULL,NULL
15470,Calumet Ave & 51st St,41.80229465088,-87.6180535802,NULL,NULL,NULL,NULL
15491,63rd St Beach,41.78091096424803,-87.57632374763489,NULL,NULL,NULL,NULL
15529,Mies van der Rohe Way & Chestnut St,41.8985866514,-87.6219152258,NULL,NULL,NULL,NULL
15530,Rush St & Superior St,41.89576474564,-87.6259080327,NULL,NULL,NULL,NULL
15534,Field Blvd & South Water St,41.88634906269,-87.6175165471,NULL,NULL,NULL,NULL
15535,Desplaines St & Randolph St,41.883703,-87.644238,NULL,NULL,NULL,NULL
15539,Desplaines St & Jackson Blvd,41.87811890091227,-87.64394760131836,NULL,NULL,NULL,NULL
15541.1.1,Buckingham Fountain,41.869515,-87.6240634,NULL,NULL,NULL,NULL
15541.1.1,Buckingham Fountain,41.876368,-87.6205586,NULL,NULL,NULL,NULL
15541.1.1,Buckingham Fountain,41.876665,-87.620483,NULL,NULL,NULL,NULL
15542,Clinton St & Polk St,41.87146651779,-87.6409491327,NULL,NULL,NULL,NULL
15544,Shedd Aquarium,41.86722595682,-87.6153553902,NULL,NULL,NULL,NULL
15545,Burnham Harbor,41.85741178707404,-87.61379152536392,NULL,NULL,NULL,NULL
15546,Calumet Ave & 21st St,41.85418424947,-87.6191537415,NULL,NULL,NULL,NULL
15550,Canal St & Taylor St,41.870257,-87.639474,NULL,NULL,NULL,NULL
15571,Broadway & Granville Ave,41.9947796884,-87.6602845349,NULL,NULL,NULL,NULL
15575,Broadway & Thorndale Ave,41.98974251144,-87.6601406209,NULL,NULL,NULL,NULL
15576,Lakefront Trail & Bryn Mawr Ave,41.98404411519213,-87.65228122472763,NULL,NULL,NULL,NULL
15578,Broadway & Ridge Ave,41.9840446107,-87.6602738295,NULL,NULL,NULL,NULL
15585,Budlong Woods Library,41.98366470886,-87.6964225611,NULL,NULL,NULL,NULL
15597,Halsted St & 69th St,41.76906172032,-87.6446135779,NULL,NULL,NULL,NULL
15599,Calumet Ave & 71st St,41.76550800581,-87.616917925,NULL,NULL,NULL,NULL
15615,Christiana Ave & Lawrence Ave,41.96835449363,-87.7118306675,NULL,NULL,NULL,NULL
15621,Albany Ave & Montrose Ave,41.961041,-87.705866,NULL,NULL,NULL,NULL
15623,Campbell Ave & Montrose Ave,41.961524,-87.691177,NULL,NULL,NULL,NULL
15624,Avondale Ave & Irving Park Rd,41.953393,-87.732002,NULL,NULL,NULL,NULL
15628,California Ave & Byron St,41.95216219326,-87.698051113,NULL,NULL,NULL,NULL
15631,Troy St & Elston Ave,41.94524356848,-87.7066499009,NULL,NULL,NULL,NULL
15632,Talman Ave & Addison St,41.9466358306,-87.694614758,NULL,NULL,NULL,NULL
15640,Avers Ave & Belmont Ave,41.939408,-87.723574,NULL,NULL,NULL,NULL
15642,California Ave & Fletcher St,41.93842879148,-87.698007756,NULL,NULL,NULL,NULL
15643,Kosciuszko Park,41.93058537138,-87.7237773635,NULL,NULL,NULL,NULL
15644,Central Park Ave & Elbridge Ave,41.93533728263,-87.7168892935,NULL,NULL,NULL,NULL
15645,Richmond St & Diversey Ave,41.93190196886,-87.7011951301,NULL,NULL,NULL,NULL
15646,California Ave & Altgeld St,41.92669,-87.697668,NULL,NULL,NULL,NULL
15648,Campbell Ave & Fullerton Ave,41.92463247165,-87.6893070063,NULL,NULL,NULL,NULL
15650,Spaulding Ave & Armitage Ave,41.917108034789315,-87.71022096276283,NULL,NULL,NULL,NULL
15651,Humboldt Blvd & Armitage Ave,41.91751339399,-87.7018089555,NULL,NULL,NULL,NULL
15652,Central Park Ave & North Ave,41.90965687563,-87.7166319516,NULL,NULL,NULL,NULL
15653,Troy St & North Ave,41.90976930169,-87.7052804871,NULL,NULL,NULL,NULL
15654,Spaulding Ave & Division St,41.90270659438,-87.709219571,NULL,NULL,NULL,NULL
15655,Albany Ave & Bloomingdale Ave,41.91402671273,-87.705126462,NULL,NULL,NULL,NULL
15664,Artesian Ave & Hubbard St,41.8895,-87.688257,NULL,NULL,NULL,NULL
15666,California Ave & Lake St,41.88445395657,-87.6962981368,NULL,NULL,NULL,NULL
15667,Western Ave & Monroe St,41.8797877089,-87.686112808,NULL,NULL,NULL,NULL
15667,Western Ave & Monroe St,41.88142526,-87.6866316818,NULL,NULL,NULL,NULL
15668,Western Ave & Congress Pkwy,41.87474885079,-87.6864452757,NULL,NULL,NULL,NULL
15682,Kedzie Ave & Roosevelt Rd,41.86649278172,-87.7064961757,NULL,NULL,NULL,NULL
15685,Central Park Ave & Ogden Ave,41.854063503874464,-87.71511733531952,NULL,NULL,NULL,NULL
15686,Kedzie Ave & 21st St,41.85353363213,-87.7050730318,NULL,NULL,NULL,NULL
15687,Central Park Ave & 24th St,41.8481,-87.715068,NULL,NULL,NULL,NULL
15689,California Ave & 23rd Pl,41.84910969176,-87.6951398068,NULL,NULL,NULL,NULL
15691,Albany Ave & 26th St,41.844507,-87.701655,NULL,NULL,NULL,NULL
15692,California Ave & 26th St,41.8436799145765,-87.69496858119965,NULL,NULL,NULL,NULL
16010,Keystone Ave & Fullerton Ave,41.92459,-87.72785,NULL,NULL,NULL,NULL
16806,Bosworth Ave & Howard St,42.019537,-87.669563,NULL,NULL,NULL,NULL
16903,Cicero Ave & Lake St,41.886841,-87.745261,NULL,NULL,NULL,NULL
16905,Central Ave & Lake St,41.887664,-87.765469,NULL,NULL,NULL,NULL
16906,Austin Blvd & Lake St,41.88794379427211,-87.77427345514297,NULL,NULL,NULL,NULL
16907,Central Park Blvd & 5th Ave,41.875679,-87.71547,NULL,NULL,NULL,NULL
16912,Cicero Ave & Flournoy St,41.872131,-87.746619,NULL,NULL,NULL,NULL
16913,Cicero Ave & Quincy St,41.877613,-87.745405,NULL,NULL,NULL,NULL
16915,Central Ave & Harrison St,41.872993,-87.764499,NULL,NULL,NULL,NULL
16916,Central Ave & Madison St,41.880121,-87.763238,NULL,NULL,NULL,NULL
16918,Austin Blvd & Madison St,41.880281,-87.774453,NULL,NULL,NULL,NULL
16920,Central Ave & Chicago Ave,41.894958,-87.764902,NULL,NULL,NULL,NULL
16921,Austin Blvd & Chicago Ave,41.894887,-87.774704,NULL,NULL,NULL,NULL
16932,Ashland Ave & Pershing Rd,41.823465,-87.665577,NULL,NULL,NULL,NULL
16937,Ashland Ave & McDowell Ave,41.80887,-87.66454,NULL,NULL,NULL,NULL
16937,Ashland Ave & McDowell Ave,41.809719,-87.663477,NULL,NULL,NULL,NULL
16940,Ashland Ave & 50th St,41.803023,-87.664699,NULL,NULL,NULL,NULL
16943,Ashland Ave & Garfield Blvd,41.792822,-87.664429,NULL,NULL,NULL,NULL
16948,Ashland Ave & 63rd St,41.779374,-87.664843,NULL,NULL,NULL,NULL
16951,Damen Ave & 74th St,41.759274039331224,-87.67363429069519,NULL,NULL,NULL,NULL
16970,Bennett Ave & 79th St,41.751785,-87.578496,NULL,NULL,NULL,NULL
16994,Kilbourn Ave & Milwaukee Ave,41.94707089418471,-87.74000823497772,NULL,NULL,NULL,NULL
17660,California Ave & Cortez St,41.900363,-87.696704,NULL,NULL,NULL,NULL
18003,Fairbanks St & Superior St,41.895748,-87.620104,NULL,NULL,NULL,NULL
18016,Bernard St & Elston Ave,41.949923,-87.713949,NULL,NULL,NULL,NULL
18017,Central Park Ave & Bloomingdale Ave,41.914166,-87.716755,NULL,NULL,NULL,NULL
18022,Archer (Damen) Ave & 37th St,41.826712,-87.683144,NULL,NULL,NULL,NULL
18058,Leavitt St & Chicago Ave,41.895501,-87.682017,NULL,NULL,NULL,NULL
18062,Aberdeen St & Randolph St,41.884114,-87.654264,NULL,NULL,NULL,NULL
18067,Walsh Park,41.91461,-87.667968,NULL,NULL,NULL,NULL
18069,Cherry Ave & Blackhawk St,41.907221,-87.655618,NULL,NULL,NULL,NULL
20101,Summit Ave & 86th St,41.737848476733404,-87.64489978551863,NULL,NULL,NULL,NULL
20103,Prospect Sq & 91st St,41.7282338,-87.6675239,NULL,NULL,NULL,NULL
20104,State St & 95th St,41.7218499,-87.6228544,NULL,NULL,NULL,NULL
20106,Chicago State University,41.71896342165455,-87.60829567909241,NULL,NULL,NULL,NULL
20107,Walden Pkwy & 100th St,41.71216410359803,-87.66773343086243,NULL,NULL,NULL,NULL
20109,Vernon Ave & 107th St,41.70012137923888,-87.61225998401642,NULL,NULL,NULL,NULL
20111,Olive Harvey College,41.70958113526255,-87.59023368358612,NULL,NULL,NULL,NULL
20112,Indiana Ave & 103rd St,41.70717027117756,-87.6184719800949,NULL,NULL,NULL,NULL
20113,Dauphin Ave & 103rd St,41.7072503677818,-87.60766267776489,NULL,NULL,NULL,NULL
20114,Doty Ave & 111th St,41.69501044938143,-87.59871482849121,NULL,NULL,NULL,NULL
20116,Dauphin Ave & 87th St,41.73648,-87.601252,NULL,NULL,NULL,NULL
20119,Elizabeth St & 92nd St,41.726798963701185,-87.65429019927979,NULL,NULL,NULL,NULL
20120,Stewart Ave & 83rd St,41.743717,-87.634088,NULL,NULL,NULL,NULL
20121,Loomis Blvd & 84th St,41.741486528618054,-87.65841007232666,NULL,NULL,NULL,NULL
20123,Western Ave & 104th St,41.70458710218908,-87.68120348453522,NULL,NULL,NULL,NULL
20124,Vincennes Ave & 104th St,41.70492556499764,-87.65686810958869,NULL,NULL,NULL,NULL
20127,Halsted St & 111th St,41.69226255589166,-87.64261186122894,NULL,NULL,NULL,NULL
20131,Cottage Grove Ave & 111th Pl,41.69170975847015,-87.61000156402588,NULL,NULL,NULL,NULL
20203,Lawndale Ave & 111th St,41.69131919221066,-87.71288573741913,NULL,NULL,NULL,NULL
20204,Kedzie Ave & 110th St,41.69239474587557,-87.70096063613892,NULL,NULL,NULL,NULL
20205,Western Ave & 111th St,41.691211034981045,-87.68129736185074,NULL,NULL,NULL,NULL
20207,Major Taylor Trail & 115th St,41.68493159519296,-87.6452887058258,NULL,NULL,NULL,NULL
20208,Major Taylor Trail & 124th St,41.66869635332246,-87.63711333274841,NULL,NULL,NULL,NULL
20210,State St & 123rd St,41.67064383687979,-87.62258648872375,NULL,NULL,NULL,NULL
20212,Altgeld Gardens,41.656665529673724,-87.59880065917969,NULL,NULL,NULL,NULL
20214,Avenue O & 134th St,41.651799,-87.540696,NULL,NULL,NULL,NULL
20215,Hegewisch Metra Station,41.64850076266409,-87.54608988761902,NULL,NULL,NULL,NULL
20218,Avenue O & 118th St,41.68100145911039,-87.5379312226869,NULL,NULL,NULL,NULL
20219,Burnham Greenway & 112th St,41.69177385116831,-87.53043115139008,NULL,NULL,NULL,NULL
20224,Calumet Park,41.71370983035615,-87.53084421157837,NULL,NULL,NULL,NULL
20227,Bradley Park,41.717878301935,-87.56459176540375,NULL,NULL,NULL,NULL
20229,Baltimore Ave & 87th St,41.737335600416664,-87.54851460456847,NULL,NULL,NULL,NULL
20231,East End Ave & 87th St,41.73681521440671,-87.58280128240585,NULL,NULL,NULL,NULL
20232,Big Marsh Park,41.68587705562333,-87.57382392883301,NULL,NULL,NULL,NULL
20233,Halsted St & 78th St,41.75248701249013,-87.6439021574879,NULL,NULL,NULL,NULL
20234,Ashland Ave & 78th St,41.75220484941116,-87.66369938850403,NULL,NULL,NULL,NULL
20235,Greenwood Ave & 91st St,41.728264268162725,-87.59729862213135,NULL,NULL,NULL,NULL
20237,Yates Blvd & 93rd St,41.726166390245105,-87.5662761926651,NULL,NULL,NULL,NULL
20238,Greenwood Ave & 97th St,41.71870315475741,-87.59703576564789,NULL,NULL,NULL,NULL
20244,Halsted St & 73rd St,41.76160543804394,-87.64416097666071,NULL,NULL,NULL,NULL
21301,Monticello Ave & Chicago Ave,41.8952089,-87.7174329,NULL,NULL,NULL,NULL
21304,Lavergne Ave & Division St,41.9021077,-87.7508698,NULL,NULL,NULL,NULL
21309,Narragansett Ave & McLean Ave,41.9159,-87.78511,NULL,NULL,NULL,NULL
21312,Lockwood Ave & Wrightwood Ave,41.927766,-87.758544,NULL,NULL,NULL,NULL
21314,Narragansett Ave & Wrightwood Ave,41.92729,-87.78523,NULL,NULL,NULL,NULL
21317,Long Ave & Belmont Ave,41.93833,-87.76166,NULL,NULL,NULL,NULL
21325,Harlem Ave & Grace St,41.94894,-87.80683,NULL,NULL,NULL,NULL
21326,Harlem Ave & Irving Park Rd,41.95326,-87.80714,NULL,NULL,NULL,NULL
21331,21st St & Pulaski Rd,41.853441,-87.724874,NULL,NULL,NULL,NULL
21339,Pershing Rd & Sacramento Ave,41.822582,-87.699417,NULL,NULL,NULL,NULL
21343,Pulaski Rd & 51st St,41.800434,-87.7247496,NULL,NULL,NULL,NULL
21345,Artesian Ave & 55th St,41.79402,-87.68577,NULL,NULL,NULL,NULL
21349,Spaulding Ave & 63rd,41.7791655,-87.7056392,NULL,NULL,NULL,NULL
21354,Parkside Ave & Armitage Ave,41.916907,-87.767173,NULL,NULL,NULL,NULL
21360,Kilbourn Ave & Roscoe St,41.942722,-87.739557,NULL,NULL,NULL,NULL
21365,Kildare Ave & 26th St,41.8442315,-87.7321534,NULL,NULL,NULL,NULL
21366,Spaulding Ave & 16th St,41.8590732,-87.7078929,NULL,NULL,NULL,NULL
21371,Kildare Ave & Chicago Ave,41.8954357,-87.7334818,NULL,NULL,NULL,NULL
21374,Kilpatrick Ave & Grand Ave,41.912732,-87.743636,NULL,NULL,NULL,NULL
21378,Nordica Ave & Medill Ave,41.92227,-87.80202,NULL,NULL,NULL,NULL
21382,Kedzie Ave & 48th Pl,41.804758123768394,-87.70421936879356,NULL,NULL,NULL,NULL
21382,Kedzie Ave & 48th Pl,41.805539,-87.704111,NULL,NULL,NULL,NULL
21383,Campbell Ave & 51st St,41.80094,-87.68676,NULL,NULL,NULL,NULL
21388,Richmond St & 59th St,41.78649,-87.69733,NULL,NULL,NULL,NULL
21390,California Ave & Marquette Rd,41.771611,-87.693331,NULL,NULL,NULL,NULL
21401,Kildare Ave & 47th St,41.80762,-87.73084,NULL,NULL,NULL,NULL
21403,Kildare Ave & 55th St,41.79332,-87.73059,NULL,NULL,NULL,NULL
21406,Kostner Ave & 63rd St,41.77875,-87.73246,NULL,NULL,NULL,NULL
21407,Tripp Ave & 65th St,41.77491,-87.72883,NULL,NULL,NULL,NULL
21421,Albany Ave & Douglas Blvd,41.8631643,-87.7030815,NULL,NULL,NULL,NULL
21452,Richmond St & Lincoln Ave,41.9881174,-87.7031754,NULL,NULL,NULL,NULL
21544,State St & Chicago Ave,41.89661720040753,-87.62857854366302,NULL,NULL,NULL,NULL
22001,Wells St & Institute Pl,41.89737986072316,-87.63442039489746,NULL,NULL,NULL,NULL
22002,Woodlawn Ave & 58th St,41.789381,-87.596479,NULL,NULL,NULL,NULL
22003,University Ave & 59th St,41.787878,-87.598906,NULL,NULL,NULL,NULL
22004,Blackstone Ave & 59th St,41.787877,-87.590461,NULL,NULL,NULL,NULL
22005,Drexel Ave & 60th St,41.785861,-87.604553,NULL,NULL,NULL,NULL
23001,Elizabeth St & Randolph St,41.884336,-87.658902,NULL,NULL,NULL,NULL
23002,Lincoln Ave & Byron St,41.952372,-87.677296,NULL,NULL,NULL,NULL
23003,Halsted St & Fulton St,41.886871,-87.648089,NULL,NULL,NULL,NULL
23101,McCormick Blvd & Devon Ave,41.997136,-87.711217,NULL,NULL,NULL,NULL
23104,California Ave & Granville Ave,41.994028,-87.699302,NULL,NULL,NULL,NULL
23106,Kenneth Ave & Lawrence Ave,41.967943,-87.739983,NULL,NULL,NULL,NULL
23107,Karlov Ave & Lawrence Ave,41.967947,-87.730409,NULL,NULL,NULL,NULL
23110,Keeler Ave & Carmen Ave,41.974323,-87.7331,NULL,NULL,NULL,NULL
23112,St Louis Ave & Foster Ave,41.9759837,-87.7159844,NULL,NULL,NULL,NULL
23113,Scottsdale Park,41.741966,-87.736179,NULL,NULL,NULL,NULL
23114,Kildare Ave & 85th St (Kostner Ave & 87th St TEMPORARY),41.734929,-87.731187,NULL,NULL,NULL,NULL
23115,Pulaski Rd & 84th St,41.740407,-87.721907,NULL,NULL,NULL,NULL
23117,Kedzie Ave & 83rd St,41.742523,-87.702279,NULL,NULL,NULL,NULL
23119,Francisco Ave & 85th St,41.738902,-87.695518,NULL,NULL,NULL,NULL
23120,Damen Ave & 81st St,41.746534,-87.673055,NULL,NULL,NULL,NULL
23121,Damen Ave & 87th St,41.736044,-87.672861,NULL,NULL,NULL,NULL
23122,Paulina Ave & 87th St,41.735629,-87.66552,NULL,NULL,NULL,NULL
23123,Dan Ryan Woods & 83rd St,41.742805,-87.680177,NULL,NULL,NULL,NULL
23124,Wood St & 84th St,41.741192,-87.668106,NULL,NULL,NULL,NULL
23126,Springfield Ave & 80th St,41.74763,-87.71945,NULL,NULL,NULL,NULL
23131,Western Ave & 79th St,41.750843,-87.682701,NULL,NULL,NULL,NULL
23136,Kedzie Ave & 73rd St,41.760703,-87.702292,NULL,NULL,NULL,NULL
23137,Springfield Ave & 71st St,41.764484,-87.720028,NULL,NULL,NULL,NULL
23138,St. Louis & 71st St,41.764354,-87.710121,NULL,NULL,NULL,NULL
23140,California Ave & 71st St,41.764748,-87.693121,NULL,NULL,NULL,NULL
23142,Artesian Ave & Marquette Rd,41.77203,-87.684637,NULL,NULL,NULL,NULL
23143,Kedzie Ave & 66th Pl,41.772584,-87.703007,NULL,NULL,NULL,NULL
23162,Marmora Ave & Irving Park Rd,41.9531072,-87.7747326,NULL,NULL,NULL,NULL
23164,Grace St & Central Ave,41.9495327,-87.7672648,NULL,NULL,NULL,NULL
23165,Cicero Ave & Roscoe Ave,41.942427,-87.747315,NULL,NULL,NULL,NULL
23167,Laramie Ave & Addison St,41.9456842,-87.7569344,NULL,NULL,NULL,NULL
23170,Marmora Ave & Belmont Ave,41.9382897,-87.7737692,NULL,NULL,NULL,NULL
23171,Leclaire Ave & Belmont Ave,41.939041,-87.754197,NULL,NULL,NULL,NULL
23172,Kostner Ave & Belmont Ave,41.939191,-87.737112,NULL,NULL,NULL,NULL
23173,Central Ave & Wellington Ave,41.934883,-87.766753,NULL,NULL,NULL,NULL
23175,Mango Ave & Diversey Ave,41.9309625,-87.7698856,NULL,NULL,NULL,NULL
23180,Cicero Ave & Wrightwood Ave,41.9279057,-87.7467295,NULL,NULL,NULL,NULL
23187,Lockwood Ave and Grand Ave,41.9175941,-87.7584143,NULL,NULL,NULL,NULL
23187,Lockwood Ave & Grand Ave,41.9175941,-87.7584143,NULL,NULL,NULL,NULL
23190,Karlov Ave & Armitage Ave,41.91748,-87.728952,NULL,NULL,NULL,NULL
23191,Springfield Ave & North Ave,41.910158,-87.723831,NULL,NULL,NULL,NULL
23192,Kildare Ave & North Ave,41.909481,-87.733827,NULL,NULL,NULL,NULL
23192,Kildare Ave & North Ave,41.9095392,-87.7338518,NULL,NULL,NULL,NULL
23215,Lexington St & California Ave,41.8719938,-87.6958108,NULL,NULL,NULL,NULL
23321,Kostner Ave & Wrightwood Ave,41.927957,-87.735952,NULL,NULL,NULL,NULL
24135,Homan Ave & 77th St,41.75374,-87.70751,NULL,NULL,NULL,NULL
24148,Fairfield Ave & Pratt Blvd,42.004763,-87.698648,NULL,NULL,NULL,NULL
24149,Sacramento Ave & Lunt Ave,42.0082,-87.70461,NULL,NULL,NULL,NULL
24155,Kostner Ave & Devon Ave,41.997032,-87.73837,NULL,NULL,NULL,NULL
24156,Granville Ave & Pulaski Rd,41.9924402,-87.7289072,NULL,NULL,NULL,NULL
24159,Kedvale Ave & Peterson Ave,41.9900762,-87.7317073,NULL,NULL,NULL,NULL
24198,Lawler Ave & North Ave,41.9091754,-87.7522545,NULL,NULL,NULL,NULL
24199,Monitor Ave & Division St,41.90192,-87.77178,NULL,NULL,NULL,NULL
24200,Pine Ave & Division St,41.9018636,-87.7638197,NULL,NULL,NULL,NULL
24200,Pine Ave & Division St,41.902116,-87.763977,NULL,NULL,NULL,NULL
24203,Harding Ave & Division St,41.9023453,-87.7250744,NULL,NULL,NULL,NULL
24212,California Ave & Madison St,41.88098,-87.69598,NULL,NULL,NULL,NULL
24225,Avers Ave & 16th St,41.85909,-87.72121,NULL,NULL,NULL,NULL
24230,Homan Ave & 26th St,41.84425,-87.70983,NULL,NULL,NULL,NULL
24237,Wood St & 33rd St,41.83427,-87.6706,NULL,NULL,NULL,NULL
24244,California Ave & 41st St,41.81867,-87.69441,NULL,NULL,NULL,NULL
24250,Rockwell St & 47th St,41.80853,-87.68942,NULL,NULL,NULL,NULL
24257,Archer Ave & 49th St,41.8042,-87.72082,NULL,NULL,NULL,NULL
24266,Kedzie Ave & 54th Pl,41.79431,-87.70348,NULL,NULL,NULL,NULL
24273,Kedzie Ave & 60th St,41.78458,-87.70319,NULL,NULL,NULL,NULL
24281,Pulaski Rd & 54th St,41.79499,-87.72361,NULL,NULL,NULL,NULL
24289,Midway Orange Line,41.78692,-87.73892,NULL,NULL,NULL,NULL
24297,Mulligan Ave & Archer Ave,41.79296,-87.78052,NULL,NULL,NULL,NULL
  24321,Oconto Ave & Belmont Ave,41.93783,-87.80788,NULL,NULL,NULL,NULL
24322,Overhill Ave & Belmont Ave,41.93799,-87.81915,NULL,NULL,NULL,NULL
24323,Kilbourn Ave & Diversey Ave,41.93179,-87.73934,NULL,NULL,NULL,NULL
24326,Long Ave & Diversey Ave,41.93104,-87.76124,NULL,NULL,NULL,NULL
24335,Newcastle Ave & Irving Park Rd,41.95256,-87.79755,NULL,NULL,NULL,NULL
24340,Wabash Ave & 49th St,41.80581,-87.6245,NULL,NULL,NULL,NULL
24352,Vincennes Ave & 79th St,41.7506,-87.63409,NULL,NULL,NULL,NULL
24370,Milwaukee Ave & Ainslie St,41.96861,-87.76108,NULL,NULL,NULL,NULL
24371,Lavergne Ave & Lawrence Ave,41.96775,-87.75259,NULL,NULL,NULL,NULL
24375,Wabash Ave & 59th St,41.78715,-87.62395,NULL,NULL,NULL,NULL
24376,University Ave & 65th St,41.77694,-87.59842,NULL,NULL,NULL,NULL
24412,Stewart Ave & 123rd St,41.6706,-87.63244,NULL,NULL,NULL,NULL
24420,Michigan Ave & 105th St,41.70346,-87.62037,NULL,NULL,NULL,NULL
331,Halsted St & Clybourn Ave,41.909668,-87.648128,NULL,NULL,NULL,NULL
514,Ridge Blvd & Howard St,42.019276,-87.68452,NULL,NULL,NULL,NULL
515,Paulina St & Howard St,42.019159,-87.673573,NULL,NULL,NULL,NULL
517,Clark St & Jarvis Ave,42.015963,-87.675005,NULL,NULL,NULL,NULL
518,Conservatory Dr & Lake St,41.885502,-87.716866,NULL,NULL,NULL,NULL
519,Wolcott Ave & Fargo Ave,42.016977,-87.677725,NULL,NULL,NULL,NULL
520,Greenview Ave & Jarvis Ave,42.015962,-87.66857,NULL,NULL,NULL,NULL
523,Eastlake Ter & Howard St,42.01920250193227,-87.66430288553238,NULL,NULL,NULL,NULL
525,Glenwood Ave & Touhy Ave,42.012701,-87.666058,NULL,NULL,NULL,NULL
527,Western Ave & Howard St,42.018901,-87.690048,NULL,NULL,NULL,NULL
528,Pulaski Rd & Lake St,41.885409,-87.726491,NULL,NULL,NULL,NULL
530,Laramie Ave & Kinzie St,41.887832,-87.755527,NULL,NULL,NULL,NULL
535,Pulaski Rd & Congress Pkwy,41.87441021003816,-87.72609159350395,NULL,NULL,NULL,NULL
536,Kostner Ave & Lake St,41.885928,-87.73541,NULL,NULL,NULL,NULL
537,Kenton Ave & Madison St,41.880708,-87.741018,NULL,NULL,NULL,NULL
540,Laramie Ave & Madison St,41.880207,-87.755337,NULL,NULL,NULL,NULL
543,Laramie Ave & Gladys Ave,41.875806,-87.755285,NULL,NULL,NULL,NULL
545,Kostner Ave & Adams St,41.877917,-87.735737,NULL,NULL,NULL,NULL
546,Damen Ave & Pershing Rd,41.823192,-87.676597,NULL,NULL,NULL,NULL
549,Marshfield Ave & 44th St,41.813996,-87.666589,NULL,NULL,NULL,NULL
553,Elizabeth St & 47th St,41.80839,-87.656526,NULL,NULL,NULL,NULL
559,Racine Ave & Garfield Blvd,41.794228,-87.655073,NULL,NULL,NULL,NULL
560,Marshfield Ave & 59th St,41.786833,-87.666215,NULL,NULL,NULL,NULL
562,Racine Ave & 61st St,41.783189,-87.654372,NULL,NULL,NULL,NULL
564,Racine Ave & 65th St,41.775393,-87.654308,NULL,NULL,NULL,NULL
569,Woodlawn Ave & 75th St,41.75916,-87.595751,NULL,NULL,NULL,NULL
570,Evans Ave & 75th St,41.75849,-87.60641,NULL,NULL,NULL,NULL
571,Vernon Ave & 75th St,41.758361,-87.614138,NULL,NULL,NULL,NULL
572,State St & 76th St,41.756971,-87.624621,NULL,NULL,NULL,NULL
573,State St & 79th St,41.750794,-87.624424,NULL,NULL,NULL,NULL
574,Vernon Ave & 79th St,41.75094,-87.61379,NULL,NULL,NULL,NULL
575,Cottage Grove Ave & 78th St,41.753174,-87.605026,NULL,NULL,NULL,NULL
576,Greenwood Ave & 79th St,41.75132,-87.595982,NULL,NULL,NULL,NULL
577,Stony Island Ave & South Chicago Ave,41.751173,-87.585337,NULL,NULL,NULL,NULL
579,Phillips Ave & 79th St,41.75182,-87.565211,NULL,NULL,NULL,NULL
580,Exchange Ave & 79th St,41.752029,-87.552096,NULL,NULL,NULL,NULL
580,Exchange Ave & 79th St,41.75211500633265,-87.55200700025293,NULL,NULL,NULL,NULL
582,Phillips Ave & 83rd St,41.744531,-87.56506,NULL,NULL,NULL,NULL
583,Stony Island Ave & 82nd St,41.746559,-87.586005,NULL,NULL,NULL,NULL
584,Ellis Ave & 83rd St,41.744123,-87.599034,NULL,NULL,NULL,NULL
585,Cottage Grove Ave & 83rd St,41.743441,-87.604836,NULL,NULL,NULL,NULL
586,MLK Jr Dr & 83rd St,41.743116,-87.6148,NULL,NULL,NULL,NULL
587,Wabash Ave & 83rd St,41.743359762253235,-87.62284398078917,NULL,NULL,NULL,NULL
588,South Chicago Ave & 83rd St,41.743921,-87.575225,NULL,NULL,NULL,NULL
590,Kilbourn Ave & Irving Park Rd,41.953733,-87.740569,NULL,NULL,NULL,NULL
592,Knox Ave & Montrose Ave,41.960631,-87.745359,NULL,NULL,NULL,NULL
594,Western Blvd & 48th Pl,41.805661,-87.683392,NULL,NULL,NULL,NULL
595,Wabash Ave & 87th St,41.73655301831962,-87.62264415621758,NULL,NULL,NULL,NULL
596,Benson Ave & Church St,42.048214,-87.683485,NULL,NULL,NULL,NULL
598,Elmwood Ave & Austin St,42.025784,-87.684107,NULL,NULL,NULL,NULL
599,Valli Produce - Evanston Plaza,42.039742,-87.699413,NULL,NULL,NULL,NULL
600,Dodge Ave & Church St,42.048308,-87.698224,NULL,NULL,NULL,NULL
604,Sheridan Rd & Noyes St (NU),42.058239,-87.677432,NULL,NULL,NULL,NULL
605,University Library (NU),42.052939,-87.673447,NULL,NULL,NULL,NULL
620,Orleans St & Chestnut St (NEXT Apts),41.898203,-87.637536,NULL,NULL,NULL,NULL
623,Michigan Ave & 8th St,41.872773,-87.623981,NULL,NULL,NULL,NULL
624,Dearborn St & Van Buren St,41.876268,-87.629155,NULL,NULL,NULL,NULL
631,Malcolm X College,41.877618,-87.673895,NULL,NULL,NULL,NULL
632,Clark St & Newport St,41.94454,-87.654678,NULL,NULL,NULL,NULL
636,Orleans St & Hubbard St,41.890028,-87.636618,NULL,NULL,NULL,NULL
637,Wood St & Chicago Ave,41.895634,-87.672069,NULL,NULL,NULL,NULL
638,Clinton St & Jackson Blvd,41.878316611830684,-87.64098107814789,NULL,NULL,NULL,NULL
639,Lakefront Trail & Wilson Ave,41.965845,-87.645361,NULL,NULL,NULL,NULL
639,Lakefront Trail & Wilson Ave,41.9668559,-87.6430926,NULL,NULL,NULL,NULL
644,Western Ave & Fillmore St,41.868563,-87.686234,NULL,NULL,NULL,NULL
646,State St & 54th St,41.796642,-87.625923,NULL,NULL,NULL,NULL
649,Stewart Ave & 63rd St,41.779835,-87.634774,NULL,NULL,NULL,NULL
650,Eggleston Ave & 69th St,41.768898,-87.635876,NULL,NULL,NULL,NULL
651,Michigan Ave & 71st St,41.765286,-87.621748,NULL,NULL,NULL,NULL
653B,Stony Island Ave & 63rd St,41.780506,-87.586853,NULL,NULL,NULL,NULL
654,Racine Ave & Washington Blvd,41.883073,-87.656952,NULL,NULL,NULL,NULL
655,Hoyne Ave & Balmoral Ave,41.979851,-87.681932,NULL,NULL,NULL,NULL
657,Wood St & Augusta Blvd,41.899181,-87.6722,NULL,NULL,NULL,NULL
658,Leavitt St & Division St,41.902997,-87.683825,NULL,NULL,NULL,NULL
660,Sheridan Rd & Columbia Ave,42.004583,-87.661406,NULL,NULL,NULL,NULL
661,Evanston Civic Center,42.057044,-87.686554,NULL,NULL,NULL,NULL
662,Dodge Ave & Mulford St,42.023463,-87.699595,NULL,NULL,NULL,NULL
665,South Chicago Ave & Elliot Ave,41.747363,-87.580046,NULL,NULL,NULL,NULL
chargingstx06,Fort Dearborn Dr & 31st St*,41.83867632897121,-87.60883212089539,NULL,NULL,NULL,NULL
chargingstx07,Wentworth Ave & Cermak Rd*,41.853214418519656,-87.63187229633331,NULL,NULL,NULL,NULL
chargingstx1,Bissell St & Armitage Ave*,41.9182955629354,-87.65218332409859,NULL,NULL,NULL,NULL
chargingstx2,Wilton Ave & Diversey Pkwy*,41.932418,-87.652705,NULL,NULL,NULL,NULL
chargingstx3,Green St & Randolph St*,41.883601657275165,-87.64862671494483,NULL,NULL,NULL,NULL
chargingstx4,Morgan St & Lake St*,41.88549170626906,-87.65228927135468,NULL,NULL,NULL,NULL
chargingstx5,Lincoln Ave & Roscoe St*,41.9433502470174,-87.67066776752472,NULL,NULL,NULL,NULL
E002,Chicago Ave & Washington St,42.032562,-87.679101,NULL,NULL,NULL,NULL
E006,Central St Metra,42.063598,-87.69873,NULL,NULL,NULL,NULL
E007,Central St & Girard Ave,42.064313,-87.686152,NULL,NULL,NULL,NULL
E008,Chicago Ave & Sheridan Rd,42.050491,-87.677821,NULL,NULL,NULL,NULL
E011,Dodge Ave & Main St,42.03463185161588,-87.69918769598006,NULL,NULL,NULL,NULL
E014,Lincolnwood Dr & Central St,42.064854,-87.715297,NULL,NULL,NULL,NULL
KA1503000001,Shields Ave & 43rd St,41.81620767856,-87.6348193497,NULL,NULL,NULL,NULL
KA1503000002,South Shore Dr & 71st St,41.7664094567,-87.5656875719,NULL,NULL,NULL,NULL
KA1503000003,Cottage Grove Ave & 71st St,41.76571903697,-87.604959713,NULL,NULL,NULL,NULL
KA1503000004,Lake Park Ave & 35th St,41.83127423549,-87.6087991946,NULL,NULL,NULL,NULL
KA1503000005,Wentworth Ave & 35th St,41.830777,-87.632504,NULL,NULL,NULL,NULL
KA1503000007,Cornell Ave & Hyde Park Blvd,41.802406,-87.586924,NULL,NULL,NULL,NULL
KA1503000009,Princeton Ave & 47th St,41.80931770924,-87.633449288,NULL,NULL,NULL,NULL
KA1503000010,Halsted St & 51st St,41.80183164049,-87.645213904,NULL,NULL,NULL,NULL
KA1503000012,Clark St & Lake St,41.88602082773,-87.6308760584,NULL,NULL,NULL,NULL
KA1503000013,Princeton Ave & Garfield Blvd,41.794982,-87.633124,NULL,NULL,NULL,NULL
KA1503000014,Ellis Ave & 60th St,41.78509714636,-87.6010727606,NULL,NULL,NULL,NULL
KA1503000015,Wabash Ave & Adams St,41.87947235235,-87.6256886059,NULL,NULL,NULL,NULL
KA1503000018,Jeffery Blvd & 71st St,41.76663823695,-87.5764501141,NULL,NULL,NULL,NULL
KA1503000019,Stony Island Ave & 75th St,41.7586696704,-87.586882871,NULL,NULL,NULL,NULL
KA1503000020,South Shore Dr & 74th St,41.76218896038,-87.55927465,NULL,NULL,NULL,NULL
KA1503000021,Stony Island Ave & 64th St,41.778881,-87.586647,NULL,NULL,NULL,NULL
KA1503000022,Clark St & Montrose Ave,41.961588,-87.666036,NULL,NULL,NULL,NULL
KA1503000023,Stony Island Ave & 67th St,41.77345849948,-87.5853397391,NULL,NULL,NULL,NULL
KA1503000024,Yates Blvd & 75th St,41.758768,-87.56644,NULL,NULL,NULL,NULL
KA1503000025,Wentworth Ave & 63rd St,41.78007963264,-87.6297463052,NULL,NULL,NULL,NULL
KA1503000027,Prairie Ave & 43rd St,41.81665889302,-87.6194124619,NULL,NULL,NULL,NULL
KA1503000028,Jeffery Blvd & 76th St,41.75712006802,-87.5758393587,NULL,NULL,NULL,NULL
KA1503000029,South Shore Dr & 67th St,41.773643,-87.567514,NULL,NULL,NULL,NULL
KA1503000030,Jeffery Blvd & 67th St,41.77351755125,-87.5771428255,NULL,NULL,NULL,NULL
KA1503000031,Cottage Grove Ave & 67th St,41.77372095205,-87.60563486,NULL,NULL,NULL,NULL
KA1503000033,Eberhart Ave & 61st St,41.784071072761,-87.61448353528975,NULL,NULL,NULL,NULL
KA1503000034,LaSalle St & Adams St,41.87934437346,-87.6319852213,NULL,NULL,NULL,NULL
KA1503000038,Shields Ave & 31st St,41.838464,-87.635406,NULL,NULL,NULL,NULL
KA1503000040,Loomis St & Archer Ave,41.84163253965,-87.6574349533,NULL,NULL,NULL,NULL
KA1503000041,McClurg Ct & Erie St,41.894503,-87.617854,NULL,NULL,NULL,NULL
KA1503000043,Kingsbury St & Kinzie St,41.88917683258,-87.6385057718,NULL,NULL,NULL,NULL
KA1503000044,Rush St & Hubbard St,41.890173,-87.626185,NULL,NULL,NULL,NULL
KA1503000045,Stony Island Ave & 71st St,41.7664929373,-87.5864608775,NULL,NULL,NULL,NULL
KA1503000046,Dorchester Ave & 63rd St,41.7804056457,-87.5914159893,NULL,NULL,NULL,NULL
KA1503000047,Perry Ave & 69th St,41.76929308995,-87.6281959291,NULL,NULL,NULL,NULL
KA1503000049.1,Rainbow - Beach,41.75787144829,-87.54938625,NULL,NULL,NULL,NULL
KA1503000052,Ellis Ave & 53rd St,41.79933626261,-87.6009581145,NULL,NULL,NULL,NULL
KA1503000053,MLK Jr Dr & 63rd St,41.78008063659,-87.6159428567,NULL,NULL,NULL,NULL
KA1503000054,Cottage Grove Ave & 63rd St,41.78053094070882,-87.6059702038765,NULL,NULL,NULL,NULL
KA1503000055,Halsted St & 63rd St,41.77938114228,-87.6446208145,NULL,NULL,NULL,NULL
KA1503000059,Lake Park Ave & 53rd St,41.79949429373,-87.5864498959,NULL,NULL,NULL,NULL
KA1503000064,Dusable Harbor,41.886976,-87.612813,NULL,NULL,NULL,NULL
KA1503000065,Woodlawn Ave & Lake Park Ave,41.81409271048,-87.5970051479,NULL,NULL,NULL,NULL
KA1503000066,Wood St & 35th St,41.83010465416,-87.6702983089,NULL,NULL,NULL,NULL
KA1503000068,Leavitt St & Archer Ave,41.82879201994,-87.6806044594,NULL,NULL,NULL,NULL
KA1503000069,Dorchester Ave & 49th St,41.805772,-87.592464,NULL,NULL,NULL,NULL
KA1503000070,Harper Ave & 59th St,41.78794281287,-87.5883151702,NULL,NULL,NULL,NULL
KA1503000071,University Ave & 57th St,41.791478,-87.599861,NULL,NULL,NULL,NULL
KA1503000072,Wacker Dr & Washington St,41.88314336439022,-87.63724207878113,NULL,NULL,NULL,NULL
KA1503000073,MLK Jr Dr & 56th St,41.79342945658,-87.6158532619,NULL,NULL,NULL,NULL
KA1503000074,Griffin Museum of Science and Industry,41.79172820953,-87.583945009,NULL,NULL,NULL,NULL
KA1503000074,Museum of Science and Industry,41.79172820953,-87.583945009,NULL,NULL,NULL,NULL
KA1503000075,DuSable Museum,41.79156801058,-87.6078521774,NULL,NULL,NULL,NULL
KA1504000076,Ellis Ave & 55th St,41.79430062054,-87.6014497734,NULL,NULL,NULL,NULL
KA1504000078,Lincoln Ave & Winona St,41.97491129677,-87.6925025594,NULL,NULL,NULL,NULL
KA1504000079,Larrabee St & Division St,41.90348607004,-87.6433534936,NULL,NULL,NULL,NULL
KA1504000090,St. Louis Ave & Fullerton Ave,41.92481559681187,-87.71449506282805,NULL,NULL,NULL,NULL
KA1504000091,Hoyne Ave & 47th St,41.808227,-87.67718,NULL,NULL,NULL,NULL
KA1504000093,Rockwell St & Eastwood Ave,41.96590013976,-87.6936384935,NULL,NULL,NULL,NULL
KA1504000096,Sawyer Ave & Irving Park Rd,41.95358617895,-87.7093107999,NULL,NULL,NULL,NULL
KA1504000097,Drake Ave & Montrose Ave,41.96115407569,-87.7165690733,NULL,NULL,NULL,NULL
KA150400009X,Kimball Ave & Belmont Ave,41.93939395344302,-87.71206766366959,NULL,NULL,NULL,NULL
KA1504000101,Ogden Ave & Roosevelt Rd,41.86650148316,-87.68469707,NULL,NULL,NULL,NULL
KA1504000102,Fairfield Ave & Roosevelt Rd,41.866624,-87.694521,NULL,NULL,NULL,NULL
KA1504000103,Western Ave & Walton St,41.89841768945,-87.6865960164,NULL,NULL,NULL,NULL
KA1504000104,Paulina St & Flournoy St,41.873061087897916,-87.66913488507271,NULL,NULL,NULL,NULL
KA1504000106,Kedzie Ave & Lake St,41.88460328501,-87.7063037436,NULL,NULL,NULL,NULL
KA1504000109,Washtenaw Ave & Ogden Ave,41.86193049278259,-87.69345045089722,NULL,NULL,NULL,NULL
KA1504000110,Millard Ave & 26th St,41.84453112462163,-87.71592199802399,NULL,NULL,NULL,NULL
KA1504000113,Sacramento Blvd & Franklin Blvd,41.89046879243862,-87.70260751247406,NULL,NULL,NULL,NULL
KA1504000114,Kedzie Ave & Chicago Ave,41.89546530305,-87.7061278837,NULL,NULL,NULL,NULL
KA1504000116,Larrabee St & Oak St,41.90021949323,-87.6429854676,NULL,NULL,NULL,NULL
KA1504000126,Kedzie Ave & Leland Ave,41.96668636205,-87.7080519806,NULL,NULL,NULL,NULL
KA1504000127,Manor Ave & Leland Ave,41.965875,-87.700825,NULL,NULL,NULL,NULL
KA1504000128,Kedzie Ave & Foster Ave,41.975672,-87.709261,NULL,NULL,NULL,NULL
KA1504000129,Western Ave & Granville Ave,41.99416136902,-87.689438282,NULL,NULL,NULL,NULL
KA1504000130,Maplewood Ave & Peterson Ave,41.99023602867,-87.6933696402,NULL,NULL,NULL,NULL
KA1504000133,Rush St & Cedar St,41.90230870122,-87.627690528,NULL,NULL,NULL,NULL
KA1504000134,Ritchie Ct & Banks St,41.906866,-87.626217,NULL,NULL,NULL,NULL
KA1504000135,Wells St & Elm St,41.903222,-87.634324,NULL,NULL,NULL,NULL
KA1504000139,Monticello Ave & Irving Park Rd,41.95400483876,-87.7191281797,NULL,NULL,NULL,NULL
KA1504000142,Drake Ave & Addison St,41.947326,-87.717582,NULL,NULL,NULL,NULL
KA1504000143,Leavitt St & Addison St,41.946655,-87.683359,NULL,NULL,NULL,NULL
KA1504000146,Clark St & Berwyn Ave,41.978030622486564,-87.66856491565704,NULL,NULL,NULL,NULL
KA1504000148,Clark St & Elmdale Ave,41.990860448125574,-87.66972362995148,NULL,NULL,NULL,NULL
KA1504000149,Damen Ave & Foster Ave,41.974891,-87.684216,NULL,NULL,NULL,NULL
KA1504000149,Damen Ave & Foster Ave,41.97561480459,-87.6794590387,NULL,NULL,NULL,NULL
KA1504000151,Clark St & Bryn Mawr Ave,41.983593,-87.669154,NULL,NULL,NULL,NULL
KA1504000155,2112 W Peterson Ave,41.991178,-87.683593,NULL,NULL,NULL,NULL
KA1504000156,Clark St & Schreiber Ave,41.999245,-87.671249,NULL,NULL,NULL,NULL
KA1504000158,Oakley Ave & Irving Park Rd,41.95434085219,-87.6860796243,NULL,NULL,NULL,NULL
KA1504000159,Sheridan Rd & Greenleaf Ave,42.01058656284,-87.6624120948,NULL,NULL,NULL,NULL
KA1504000160,Francisco Ave & Foster Ave,41.97563272521,-87.7014194389,NULL,NULL,NULL,NULL
KA1504000161,St. Louis Ave & Balmoral Ave,41.98039423475,-87.7161149615,NULL,NULL,NULL,NULL
KA1504000162,Clark St & Lunt Ave,42.009011180580764,-87.67411172389984,NULL,NULL,NULL,NULL
KA1504000164,Keystone Ave & Montrose Ave,41.96110801623,-87.7289701012,NULL,NULL,NULL,NULL
KA1504000167,Kedzie Ave & Bryn Mawr Ave,41.98222975911517,-87.70888656377792,NULL,NULL,NULL,NULL
KA1504000168,Western Ave & 28th St,41.84151770807,-87.6851314409,NULL,NULL,NULL,NULL
KA1504000171,Marine Dr & Ainslie St,41.9716,-87.650154,NULL,NULL,NULL,NULL
KA1504000175,Glenwood Ave & Morse Ave,42.00797192287,-87.6655023944,NULL,NULL,NULL,NULL
KA17018054,Damen Ave & Lake St,41.8849659,-87.6768354,NULL,NULL,NULL,NULL
KA17018054,Damen Ave & Walnut (Lake) St,41.885951,-87.677009,NULL,NULL,NULL,NULL
KA17018068,Leavitt St & Belmont Ave,41.939354,-87.683282,NULL,NULL,NULL,NULL
KA1706005007,Delano Ct & Roosevelt Rd,41.867491,-87.63219,NULL,NULL,NULL,NULL
KA1706005015,Kildare Ave & Montrose Ave,41.96108,-87.73569,NULL,NULL,NULL,NULL
KP1705001026,LaSalle Dr & Huron St,41.894877,-87.632326,NULL,NULL,NULL,NULL
LF-005,DuSable Lake Shore Dr & North Blvd,41.911722,-87.626804,NULL,NULL,NULL,NULL
LP-,Lincoln Park Conservatory,41.92393131136619,-87.63582453131676,NULL,NULL,NULL,NULL
PI00001,Damen Ave/Coulter St,41.8492,-87.67564,NULL,NULL,NULL,NULL
PI00002,Streeter Dr/Grand Ave,41.892401,-87.612388,NULL,NULL,NULL,NULL
PI00003,Leavitt St/North Ave,41.910077,-87.682306,NULL,NULL,NULL,NULL
RN-,Franklin St & Illinois St,41.89102331025185,-87.63547986745834,NULL,NULL,NULL,NULL
RP-001,Warren Park West,42.001785,-87.688829,NULL,NULL,NULL,NULL
RP-002,Warren Park East,42.00454962194,-87.6806661451,NULL,NULL,NULL,NULL
RP-004,Oakley Ave & Touhy Ave,42.012342,-87.688243,NULL,NULL,NULL,NULL
RP-005,Western Ave & Lunt Ave,42.0085943972,-87.6904922389,NULL,NULL,NULL,NULL
RP-006,Ridge Blvd & Touhy Ave,42.01213227742,-87.6829126443,NULL,NULL,NULL,NULL
RP-007,Clark St & Touhy Ave,42.01256011541,-87.6743671152,NULL,NULL,NULL,NULL
RP-008,Clark St & Columbia Ave,42.00445062934,-87.6724024047,NULL,NULL,NULL,NULL
RP-009,Sheridan Rd & Loyola Ave,42.00104377979,-87.6611982433,NULL,NULL,NULL,NULL
SL-005,Indiana Ave & Roosevelt Rd,41.867888,-87.623041,NULL,NULL,NULL,NULL
SL-006,Wells St & 19th St,41.856802,-87.633879,NULL,NULL,NULL,NULL
SL-007,State St & Harrison St,41.874053,-87.627716,NULL,NULL,NULL,NULL
SL-008,Federal St & Polk St,41.87207763285,-87.6295437729,NULL,NULL,NULL,NULL
SL-009,Clark St & 9th St (AMLI),41.870816,-87.631246,NULL,NULL,NULL,NULL
SL-010,Financial Pl & Ida B Wells Dr,41.8750236280333,-87.6330940425396,NULL,NULL,NULL,NULL
SL-011,Wells St & Polk St,41.872731542263075,-87.63351649045944,NULL,NULL,NULL,NULL
SL-012,Wabash Ave & 16th St,41.860384,-87.625813,NULL,NULL,NULL,NULL
SL-013,State St & 19th St,41.856594,-87.627542,NULL,NULL,NULL,NULL
TA1305000001,Wabash Ave & Cermak Rd,41.852619,-87.626488,NULL,NULL,NULL,NULL
TA1305000002,Wabash Ave & Roosevelt Rd,41.867227,-87.625961,NULL,NULL,NULL,NULL
TA1305000003,Fairbanks Ct & Grand Ave,41.89184737210993,-87.62058019638062,NULL,NULL,NULL,NULL
TA1305000004,McCormick Place,41.8513751729,-87.6188346489,NULL,NULL,NULL,NULL
TA1305000005,Dearborn St & Adams St,41.8793563587,-87.6297910363,NULL,NULL,NULL,NULL
TA1305000006,Dearborn St & Monroe St,41.881319815,-87.6295209193,NULL,NULL,NULL,NULL
TA1305000009,Clark St & Ida B Wells Dr,41.8759326655,-87.6305845355,NULL,NULL,NULL,NULL
TA1305000010,Michigan Ave & Ida B Wells Dr,41.8758762,-87.6241892,NULL,NULL,NULL,NULL
TA1305000010,Michigan Ave & Ida B Wells Dr,41.876203,-87.624464,NULL,NULL,NULL,NULL
TA1305000010,Michigan Ave & Ida B Wells Dr,41.876243,-87.624426,NULL,NULL,NULL,NULL
TA1305000011,Michigan Ave & Lake St,41.886022,-87.624398,NULL,NULL,NULL,NULL
TA1305000014,Clark St & Wrightwood Ave,41.929546,-87.643118,NULL,NULL,NULL,NULL
TA1305000017,Halsted St & Roosevelt Rd,41.867324,-87.648625,NULL,NULL,NULL,NULL
TA1305000020,Ogden Ave & Chicago Ave,41.896362458,-87.6540612729,NULL,NULL,NULL,NULL
TA1305000022,Orleans St & Merchandise Mart Plaza,41.888243,-87.63639,NULL,NULL,NULL,NULL
TA1305000025,Franklin St & Jackson Blvd,41.8777079559,-87.6353211408,NULL,NULL,NULL,NULL
TA1305000029,State St & Randolph St,41.88462107257936,-87.62783423066139,NULL,NULL,NULL,NULL
TA1305000030,Wells St & Randolph St,41.884295,-87.633963,NULL,NULL,NULL,NULL
TA1305000032,Clinton St & Madison St,41.882751965685614,-87.64119029045105,NULL,NULL,NULL,NULL
TA1305000034,Honore St & Division St,41.903119,-87.673935,NULL,NULL,NULL,NULL
TA1305000035,State St & Van Buren St,41.877181,-87.627844,NULL,NULL,NULL,NULL
TA1305000037,Paulina Ave & North Ave,41.90985465216731,-87.66993016004562,NULL,NULL,NULL,NULL
TA1305000039,Elston Ave & Cortland St,41.91643342912655,-87.66674637794495,NULL,NULL,NULL,NULL
TA1305000041,Damen Ave & Pierce Ave,41.9088152,-87.6771937,NULL,NULL,NULL,NULL
TA1305000041,Damen Ave & Pierce Ave,41.9093960065,-87.6776919292,NULL,NULL,NULL,NULL
TA1306000002,Morgan Ave & 14th Pl,41.862378,-87.651062,NULL,NULL,NULL,NULL
TA1306000003,Desplaines St & Kinzie St,41.888716036,-87.6444478533,NULL,NULL,NULL,NULL
TA1306000006,Orleans St & Elm St,41.902924,-87.637715,NULL,NULL,NULL,NULL
TA1306000007,Larrabee St & Menomonee St,41.91468,-87.64332,NULL,NULL,NULL,NULL
TA1306000008,Larrabee St & North Ave,41.91021,-87.6435,NULL,NULL,NULL,NULL
TA1306000009,Larrabee St & Kingsbury St,41.897764,-87.642884,NULL,NULL,NULL,NULL
TA1306000010,Daley Center Plaza,41.884241,-87.629634,NULL,NULL,NULL,NULL
TA1306000011,Wells St & Walton St,41.89993001,-87.63443007,NULL,NULL,NULL,NULL
TA1306000012,Wells St & Huron St,41.894722,-87.634362,NULL,NULL,NULL,NULL
TA1306000013,New St & Illinois St,41.890847040623804,-87.61861681938171,NULL,NULL,NULL,NULL
TA1306000014,Wilton Ave & Diversey Pkwy,41.932418,-87.652705,NULL,NULL,NULL,NULL
TA1306000015,Sangamon St & Lake St,41.88577925240433,-87.65102460980414,NULL,NULL,NULL,NULL
TA1306000016,Sheffield Ave & Fullerton Ave,41.9247807,-87.653626,NULL,NULL,NULL,NULL
TA1306000016,Sheffield Ave & Fullerton Ave,41.9256018819,-87.6537080423,NULL,NULL,NULL,NULL
TA1306000025,Racine Ave & Congress Pkwy,41.87464,-87.65703,NULL,NULL,NULL,NULL
TA1306000026,Racine Ave & Fullerton Ave,41.925566,-87.658416,NULL,NULL,NULL,NULL
TA1306000029,McClurg Ct & Ohio St,41.892592119709725,-87.61728912591934,NULL,NULL,NULL,NULL
TA1306000032,Sheffield Ave & Willow St,41.913688,-87.652855,NULL,NULL,NULL,NULL
TA1307000001,Greenview Ave & Fullerton Ave,41.92533,-87.6658,NULL,NULL,NULL,NULL
TA1307000005,Indiana Ave & 26th St,41.845687,-87.622481,NULL,NULL,NULL,NULL
TA1307000006,Southport Ave & Wellington Ave,41.93577461766458,-87.66360014677048,NULL,NULL,NULL,NULL
TA1307000038,Sedgwick St & North Ave,41.910983,-87.638525,NULL,NULL,NULL,NULL
TA1307000038,Sedgwick St & North Ave,41.911386,-87.638677,NULL,NULL,NULL,NULL
TA1307000039,Clark St & Elm St,41.902973,-87.63128,NULL,NULL,NULL,NULL
TA1307000041,DuSable Lake Shore Dr & Wellington Ave,41.9366884494997,-87.63682901859283,NULL,NULL,NULL,NULL
TA1307000044,Clinton St & 18th St,41.85795,-87.640826,NULL,NULL,NULL,NULL
TA1307000048,Fort Dearborn Dr & 31st St,41.838556,-87.608218,NULL,NULL,NULL,NULL
TA1307000052,Sheffield Ave & Wellington Ave,41.9362534831413,-87.65266209840775,NULL,NULL,NULL,NULL
TA1307000061,State St & Pearson St,41.897448,-87.628722,NULL,NULL,NULL,NULL
TA1307000062,Sedgwick St & Huron St,41.894666,-87.638437,NULL,NULL,NULL,NULL
TA1307000064,Lincoln Ave & Diversey Pkwy,41.932225,-87.658617,NULL,NULL,NULL,NULL
TA1307000070,Damen Ave & Thomas St (Augusta Blvd),41.901315,-87.677409,NULL,NULL,NULL,NULL
TA1307000107,Sheridan Rd & Montrose Ave,41.96167,-87.65464,NULL,NULL,NULL,NULL
TA1307000111,Franklin St & Lake St,41.885837,-87.6355,NULL,NULL,NULL,NULL
TA1307000113,Southport Ave & Wrightwood Ave,41.928773,-87.663913,NULL,NULL,NULL,NULL
TA1307000115,Clybourn Ave & Division St,41.904613,-87.640552,NULL,NULL,NULL,NULL
TA1307000117,Wabash Ave & Grand Ave,41.891466,-87.626761,NULL,NULL,NULL,NULL
TA1307000119,Clarendon Ave & Leland Ave,41.967968,-87.650001,NULL,NULL,NULL,NULL
TA1307000120,Green St & Madison St,41.881859328038225,-87.64926373958588,NULL,NULL,NULL,NULL
TA1307000121,Halsted St & Polk St,41.87184,-87.64664,NULL,NULL,NULL,NULL
TA1307000124,Michigan Ave & 14th St,41.864059,-87.623727,NULL,NULL,NULL,NULL
TA1307000126,Sheffield Ave & Waveland Ave,41.949399,-87.654529,NULL,NULL,NULL,NULL
TA1307000127,Clark St & Grace St,41.95078,-87.659172,NULL,NULL,NULL,NULL
TA1307000128,Dearborn Pkwy & Delaware Pl,41.898969,-87.629912,NULL,NULL,NULL,NULL
TA1307000129,State St & 35th St,41.8310363140161,-87.62679755687714,NULL,NULL,NULL,NULL
TA1307000130,Morgan St & Polk St,41.871737,-87.65103,NULL,NULL,NULL,NULL
TA1307000131,Wabash Ave & Wacker Pl,41.886875,-87.62603,NULL,NULL,NULL,NULL
TA1307000134,Wilton Ave & Belmont Ave,41.940231918108594,-87.65294373035431,NULL,NULL,NULL,NULL
TA1307000136,Clark St & Wellington Ave,41.9364968219,-87.6475386582,NULL,NULL,NULL,NULL
TA1307000138,Wood St & Webster Ave,41.92105672992757,-87.67279744148254,NULL,NULL,NULL,NULL
TA1307000139,MLK Jr Dr & 29th St,41.842052,-87.617,NULL,NULL,NULL,NULL
TA1307000140,Western Ave & Leland Ave,41.966399801840986,-87.68870428204536,NULL,NULL,NULL,NULL
TA1307000142,Clark St & Drummond Pl,41.931248,-87.644336,NULL,NULL,NULL,NULL
TA1307000143,Sedgwick St & Schiller St,41.907626,-87.638566,NULL,NULL,NULL,NULL
TA1307000144,Wolcott (Ravenswood) Ave & Montrose Ave,41.961406,-87.676169,NULL,NULL,NULL,NULL
TA1307000149,Ravenswood Ave & Irving Park Rd,41.95469,-87.67393,NULL,NULL,NULL,NULL
TA1307000150,Pine Grove Ave & Waveland Ave,41.94947274088333,-87.64645278453827,NULL,NULL,NULL,NULL
TA1307000151,Wells St & Hubbard St,41.889906,-87.634266,NULL,NULL,NULL,NULL
TA1307000153,Emerald Ave & 28th St,41.84358,-87.645368,NULL,NULL,NULL,NULL
TA1307000156,Lincoln Ave & Sunnyside Ave,41.963004,-87.684781,NULL,NULL,NULL,NULL
TA1307000158,Damen Ave & Leland Ave,41.966946,-87.678893,NULL,NULL,NULL,NULL
TA1307000158,Damen Ave & Leland Ave,41.967081,-87.679076,NULL,NULL,NULL,NULL
TA1307000159,Paulina St & 18th St,41.857901,-87.668745,NULL,NULL,NULL,NULL
TA1307000160,Prairie Ave & Garfield Blvd,41.794853,-87.618691,NULL,NULL,NULL,NULL
TA1307000163,Clifton Ave & Armitage Ave,41.918216,-87.656936,NULL,NULL,NULL,NULL
TA1307000164,Woodlawn Ave & 55th St,41.795264,-87.596471,NULL,NULL,NULL,NULL
TA1307000166,Halsted St & Willow St,41.913865,-87.648755,NULL,NULL,NULL,NULL
TA1308000001,Theater on the Lake,41.926277,-87.630834,NULL,NULL,NULL,NULL
TA1308000002,Greenwood Ave & 47th St,41.809835,-87.599383,NULL,NULL,NULL,NULL
TA1308000005,Leavitt St & North Ave,41.910282,-87.682325,NULL,NULL,NULL,NULL
TA1308000005,Leavitt St & North Ave,41.910533,-87.682308,NULL,NULL,NULL,NULL
TA1308000006,Damen Ave & Grand Ave,41.892394452962705,-87.67688512802124,NULL,NULL,NULL,NULL
TA1308000007,MLK Jr Dr & 47th St,41.809851,-87.616279,NULL,NULL,NULL,NULL
TA1308000009,Shore Dr & 55th St,41.795212,-87.580715,NULL,NULL,NULL,NULL
TA1308000012,Montrose Harbor,41.963982,-87.638181,NULL,NULL,NULL,NULL
TA1308000013,Halsted St & Archer Ave,41.847203,-87.646795,NULL,NULL,NULL,NULL
TA1308000014,Normal Ave & Archer Ave,41.849527,-87.640591,NULL,NULL,NULL,NULL
TA1308000019,Racine Ave & Belmont Ave,41.939743,-87.658865,NULL,NULL,NULL,NULL
TA1308000021,Winthrop Ave & Lawrence Ave,41.968812,-87.657659,NULL,NULL,NULL,NULL
TA1308000022,Pine Grove Ave & Irving Park Rd,41.954383,-87.648043,NULL,NULL,NULL,NULL
TA1308000023,Cottage Grove Ave & 43rd St,41.816499,-87.606582,NULL,NULL,NULL,NULL
TA1308000026,Wentworth Ave & 24th St,41.85008369347577,-87.6321405172348,NULL,NULL,NULL,NULL
TA1308000029,Stetson Ave & South Water St,41.886835,-87.62232,NULL,NULL,NULL,NULL
TA1308000031,Logan Blvd & Elston Ave,41.929465,-87.684158,NULL,NULL,NULL,NULL
TA1308000035,Lake Park Ave & 47th St,41.809443,-87.591875,NULL,NULL,NULL,NULL
TA1308000036,Indiana Ave & 31st St,41.838842,-87.621857,NULL,NULL,NULL,NULL
TA1308000038,Cottage Grove Ave & Oakwood Blvd,41.822985,-87.6071,NULL,NULL,NULL,NULL
TA1308000043,Halsted St & 35th St,41.830661,-87.647172,NULL,NULL,NULL,NULL
TA1308000045,Wallace St & 35th St,41.830707051440854,-87.64125533401966,NULL,NULL,NULL,NULL
TA1308000046,Morgan St & 31st St,41.8378,-87.65114,NULL,NULL,NULL,NULL
TA1308000047,Southport Ave & Clark St,41.957081,-87.664199,NULL,NULL,NULL,NULL
TA1308000049,Wells St & Evergreen Ave,41.906724,-87.63483,NULL,NULL,NULL,NULL
TA1308000050,Wells St & Concord Ln,41.912133,-87.634656,NULL,NULL,NULL,NULL
TA1309000001,Halsted St & Maxwell St,41.864883,-87.647071,NULL,NULL,NULL,NULL
TA1309000002,Michigan Ave & Jackson Blvd,41.8777679,-87.624164,NULL,NULL,NULL,NULL
TA1309000002,Michigan Ave & Jackson Blvd,41.878005,-87.624144,NULL,NULL,NULL,NULL
TA1309000002,Michigan Ave & Jackson Blvd,41.8785123,-87.6241748,NULL,NULL,NULL,NULL
TA1309000003,Western Ave & 24th St,41.84847,-87.685109,NULL,NULL,NULL,NULL
TA1309000004,LaSalle St & Jackson Blvd,41.878166,-87.631929,NULL,NULL,NULL,NULL
TA1309000006,Larrabee St & Armitage Ave,41.918084,-87.643749,NULL,NULL,NULL,NULL
TA1309000007,Franklin St & Monroe St,41.880317,-87.635185,NULL,NULL,NULL,NULL
TA1309000008,Franklin St & Adams St (Temp),41.87943409140013,-87.63550400733948,NULL,NULL,NULL,NULL
TA1309000010,Wabash Ave & 9th St,41.870769,-87.625734,NULL,NULL,NULL,NULL
TA1309000011,Ellis Ave & 58th St,41.788746,-87.601334,NULL,NULL,NULL,NULL
TA1309000012,Damen Ave & Sunnyside Ave,41.96325,-87.679258,NULL,NULL,NULL,NULL
TA1309000014,Clark St & Leland Ave,41.96708783918421,-87.66729086637497,NULL,NULL,NULL,NULL
TA1309000015,Leavitt St & Lawrence Ave,41.968885,-87.684001,NULL,NULL,NULL,NULL
TA1309000018,Ravenswood Ave & Berteau Ave,41.957921,-87.673567,NULL,NULL,NULL,NULL
TA1309000019,Lakeview Ave & Fullerton Pkwy,41.925858,-87.638973,NULL,NULL,NULL,NULL
TA1309000021,Paulina St & Montrose Ave,41.961507,-87.671387,NULL,NULL,NULL,NULL
TA1309000023,Sheffield Ave & Wrightwood Ave,41.928712,-87.653833,NULL,NULL,NULL,NULL
TA1309000024,Clark St & Schiller St,41.907993,-87.631501,NULL,NULL,NULL,NULL
TA1309000025,Halsted St & Roscoe St,41.9436315,-87.6490833,NULL,NULL,NULL,NULL
TA1309000025,Halsted St & Roscoe St,41.94367,-87.64895,NULL,NULL,NULL,NULL
TA1309000026,Lincoln Ave & Belle Plaine Ave,41.95600355078549,-87.68016144633293,NULL,NULL,NULL,NULL
TA1309000027,Sheridan Rd & Buena Ave,41.958494,-87.654966,NULL,NULL,NULL,NULL
TA1309000029,Leavitt St & Armitage Ave,41.917805,-87.682437,NULL,NULL,NULL,NULL
TA1309000030,Southport Ave & Clybourn Ave,41.920771,-87.663712,NULL,NULL,NULL,NULL
TA1309000030,Southport Ave & Clybourn Ave,41.9215759,-87.6664335,NULL,NULL,NULL,NULL
TA1309000032,Elston Ave & Wabansia Ave,41.912919,-87.664169,NULL,NULL,NULL,NULL
TA1309000033,Sheffield Ave & Webster Ave,41.92154,-87.653818,NULL,NULL,NULL,NULL
TA1309000035,Clark St & Winnemac Ave,41.973347640473044,-87.6678554713726,NULL,NULL,NULL,NULL
TA1309000036,Burling St & Diversey Pkwy,41.93314,-87.64776,NULL,NULL,NULL,NULL
TA1309000037,Kimbark Ave & 53rd St,41.799272,-87.595008,NULL,NULL,NULL,NULL
TA1309000037,Kimbark Ave & 53rd St,41.7994549,-87.5947779,NULL,NULL,NULL,NULL
TA1309000037,Kimbark Ave & 53rd St,41.799568,-87.594747,NULL,NULL,NULL,NULL
TA1309000039,DuSable Lake Shore Dr & Diversey Pkwy,41.932588,-87.636427,NULL,NULL,NULL,NULL
TA1309000041,Sheridan Rd & Lawrence Ave,41.969517,-87.654691,NULL,NULL,NULL,NULL
TA1309000042,Lincoln Ave & Melrose St,41.9406,-87.669435,NULL,NULL,NULL,NULL
TA1309000043,Southport Ave & Irving Park Rd,41.954177,-87.664358,NULL,NULL,NULL,NULL
TA1309000049,DuSable Lake Shore Dr & Belmont Ave,41.940775,-87.639192,NULL,NULL,NULL,NULL
TA1309000050,Lincoln Ave & Addison St,41.946176,-87.673308,NULL,NULL,NULL,NULL
TA1309000051,Commercial Ave & 83rd St,41.744615,-87.551208,NULL,NULL,NULL,NULL
TA1309000053,Cottage Grove Ave & 47th St,41.809855,-87.606755,NULL,NULL,NULL,NULL
TA1309000055,Emerald Ave & 31st St,41.838198,-87.645143,NULL,NULL,NULL,NULL
TA1309000058,Lincoln Ave & Fullerton Ave,41.924161029067626,-87.64638036489487,NULL,NULL,NULL,NULL
TA1309000059,Racine Ave & Wrightwood Ave,41.928887,-87.658971,NULL,NULL,NULL,NULL
TA1309000061,Halsted St & Wrightwood Ave,41.929143,-87.649077,NULL,NULL,NULL,NULL
TA1309000063,Lake Park Ave & 56th St,41.793242,-87.587782,NULL,NULL,NULL,NULL
TA1309000064,Wolcott Ave & Polk St,41.871262,-87.673688,NULL,NULL,NULL,NULL
TA1309000066,Ravenswood Ave & Lawrence Ave,41.968445,-87.674226,NULL,NULL,NULL,NULL
TA1309000067,Cottage Grove Ave & 51st St,41.803038,-87.606615,NULL,NULL,NULL,NULL
WL-008,Clinton St & Roosevelt Rd,41.8671177825,-87.6410879593,NULL,NULL,NULL,NULL
WL-011,Jefferson St & Monroe St,41.880329633634624,-87.64274597167967,NULL,NULL,NULL,NULL
WL-012,Clinton St & Washington Blvd,41.88338,-87.64117,NULL,NULL,NULL,NULL
